.asset_name,.tag_in,.ignition_on,.journey_periodic,.power_up,.power_loss,.power_restore,.driver_behaviour,.idle_start,.idle_end,.ignition_off,.journey_summary,.heartbeat,.tag_out,.summary_analysis
353816057515878 Rmvd frm P01480,0,0,0,0,0,0,0,0,0,0,0,0,0,0
3.54E+14,1,0,0,5,0,0,0,0,0,0,0,0,1,0
353816057580898 Rmvd frm P01853,0,0,0,0,0,0,0,0,0,0,0,0,0,0
353816057784185 Rmvd frm P02611,0,0,0,0,0,0,0,0,0,0,0,0,0,0
353816057787105 Rmvd frm P02608,0,0,0,0,0,0,0,0,0,0,0,0,0,0
353816057787352 Rmvd frm P01906,2,2,0,3,0,0,0,0,0,2,2,0,3,0
353816057787758 Rmvd frm P01975,0,0,0,0,0,0,0,0,0,0,0,0,0,0
353816057788426 Rmvd frm P01846,0,0,0,0,0,0,0,0,0,0,0,0,0,0
353816057788434 Rmvd frm P02637,0,0,0,0,0,0,0,0,0,0,0,0,0,0
353816057788459 Rmvd frm P01848,2,1,0,1,0,0,0,0,0,1,1,0,3,0
356363051429811 Rmvd frm V00797,0,0,0,0,0,0,0,0,0,0,0,0,0,0
356363051443788 Rmvd frm V00474,0,0,0,0,0,0,0,0,0,0,0,0,0,0
356363051444042 Rmd frm LV400-AW,0,0,0,0,0,0,0,0,0,0,0,0,0,0
356363051444075 Rmd frm LV0399,0,0,0,0,0,0,0,0,0,0,0,0,0,0
356363051445031 Rmvd frm LV1132,0,0,0,0,0,0,0,0,0,0,0,0,0,0
356363051445239 Rmd frm LV392-AW,0,0,0,0,0,0,0,0,0,0,0,0,0,0
356363051445338 Rmd frm LV394-AW,0,0,0,0,0,0,0,0,0,0,0,0,0,0
356363051445551 Rmd frm LV390-AW,0,0,0,0,0,0,0,0,0,0,0,0,0,0
356363051448043 Rmd frm LV398-AW,0,0,0,0,0,0,0,0,0,0,0,0,0,0
356363052011261 Rmvd frm V01032,0,0,0,0,0,0,0,0,0,0,0,0,0,0
356363052011410 Rmvd frm P01976,0,0,0,0,0,0,0,0,0,0,0,0,0,0
356363052011444 Rmd frm LV0393,0,0,0,0,0,0,0,0,0,0,0,0,0,0
356363052112531 Rmvd frm V01090,0,0,0,0,0,0,0,0,0,0,0,0,0,0
356363052112754 Rmvd frm LV1203,0,0,0,0,0,0,0,0,0,0,0,0,0,0
356363052112754 Rmvd frm V00816,0,0,0,0,0,0,0,0,0,0,0,0,0,0
356363052114628 Rmvd frm V00625,0,0,0,0,0,0,0,0,0,0,0,0,0,0
356363052114792 Rmvd frm V00305,0,0,0,0,0,0,0,0,0,0,0,0,0,0
356363052114909 Rmvd frm V01003,0,0,0,0,0,0,0,0,0,0,0,0,0,0
3.56E+14,0,0,0,0,0,0,0,0,0,0,0,0,0,0
356363052177823 Rmvd frm V01006,0,0,0,0,0,0,0,0,0,0,0,0,0,0
356363052178292 Rmd frm LV0397,0,0,0,0,0,0,0,0,0,0,0,0,0,0
356363052178391 Rmvd frm V00828,0,0,0,0,0,0,0,0,0,0,0,0,0,0
356363052178482 Rmd frm LV0401,0,0,0,0,0,0,0,0,0,0,0,0,0,0
356363052181718 Rmvd frm V00620,0,0,0,0,0,0,0,0,0,0,0,0,0,0
356363052185867 Rmvd frm LV1127,0,0,0,0,0,0,0,0,0,0,0,0,0,0
356363052186097 Rmvd frm P02636,0,0,0,0,0,0,0,0,0,0,0,0,0,0
356363056401609 Rmd frm LV395-AW,0,0,0,0,0,0,0,0,0,0,0,0,0,0
356363056402144 Rmvd frm P01931,0,0,0,0,0,0,0,0,0,0,0,0,0,0
356363056405683 Rmd frm LV0396,0,0,0,0,0,0,0,0,0,0,0,0,0,0
356363056406905 Rmd frm LV0391,0,0,0,0,0,0,0,0,0,0,0,0,0,0
356363056442330 Rmvd frm LE0018,0,0,0,0,0,0,0,0,0,0,0,0,0,0
356363056442645 Rmvd frm LE0019,0,0,0,0,0,0,0,0,0,0,0,0,0,0
356363056945712 Rmd frm LV402-AW,0,0,0,0,0,0,0,0,0,0,0,0,0,0
356363056946199 Rmvd frm LE0016,0,0,0,0,0,0,0,0,0,0,0,0,0,0
3.58E+14,0,0,0,0,0,0,0,0,0,0,0,0,0,0
359006055375855 Rmvd frm V00557,0,0,0,0,0,0,0,0,0,0,0,0,0,0
359006059526032 Rmvd frm LV1202,0,0,0,0,0,0,0,0,0,0,0,0,0,0
359006059528814 Rmvd frm LV1203,0,0,0,0,0,0,0,0,0,0,0,0,0,0
359006059528905 Rmvd frm LE0040,0,0,0,0,0,0,0,0,0,0,0,0,0,0
359006059534135 Rmvd frm P01602,0,0,0,0,0,0,0,0,0,0,0,0,0,0
359006059535470 Rmvd frm V00142,0,0,0,0,0,0,0,0,0,0,0,0,0,0
359006059543664 Rmvd frm LV1180,0,0,0,0,0,0,0,0,0,0,0,0,0,0
3.59E+14,0,0,0,0,0,0,0,0,0,0,0,0,0,0
3.59E+14,0,0,0,0,0,0,0,0,0,0,0,0,0,0
3.59E+14,0,0,0,0,0,0,0,0,0,0,0,0,0,0
HE0001 O-49829,36,36,346,2,0,0,0,20,14,36,0,13,36,4
HE0002 J-11902,6,7,460,7,0,0,0,32,32,6,0,5,5,0
HE0003 K-45159,39,40,621,0,0,0,0,8,6,40,0,14,39,0
HE0004 K-44380,20,20,442,6,0,0,0,12,13,20,0,10,20,0
HE0005 K-44326,0,0,0,0,0,0,0,0,0,0,0,0,0,0
HE0006 C-17632,0,0,0,0,0,0,0,0,0,0,0,22,0,32
HE0007 C-15214,5,6,468,0,0,0,0,0,0,6,0,14,5,0
HE0008 A-51907,0,11,118,0,0,0,0,7,5,11,0,14,0,8
HE0009 B-34259,17,20,365,6,0,0,0,8,8,19,0,10,18,0
HE0010 E-56117,6,8,591,11,0,0,0,19,19,8,0,7,6,0
HE0011 F-56833,10,10,491,0,0,0,0,18,9,9,0,14,9,4
HE0012 F-58305,4,4,8,0,0,0,0,1,0,4,0,13,4,0
HE0013 F-58892,7,7,496,0,0,0,0,25,21,7,0,14,7,4
HE0014 F-58762,20,15,492,6,0,0,0,28,21,15,0,13,19,4
HE0015 F-57187,19,20,369,0,0,0,0,14,13,19,0,14,18,0
HE0016 F-57966,10,12,539,7,0,0,0,32,31,11,0,5,10,0
HE0017 F-54276,4,37,522,0,0,0,0,39,30,36,0,14,4,4
HE0018 F-59050,10,11,810,0,0,0,0,53,48,11,0,14,10,4
HE0019 N-51705,0,16,182,0,0,0,0,12,10,17,0,13,0,8
HE0020 N-51862,39,0,0,4,0,0,0,0,0,0,0,14,40,32
HE0021 N-51682,0,0,0,0,0,0,0,0,0,0,0,14,0,32
HE0022 D-57491,0,20,666,0,0,0,0,28,28,20,0,15,0,8
HE0023 B-49369,2,2,2,0,0,0,0,0,0,2,0,13,2,0
HE0024 M - 52987,17,19,469,5,0,0,0,39,30,19,0,5,17,4
HE0025 B-13226,17,17,729,0,0,0,0,60,58,17,0,14,17,0
HE0026 Q-10349,18,26,774,0,0,0,0,23,21,26,0,14,18,0
HE0027 Q-35233,6,40,602,0,0,0,0,23,21,41,0,14,7,0
HE0028 P-27910,38,37,548,0,0,0,0,31,30,36,0,14,38,0
HE0029 H-44329,1,20,445,0,0,0,0,21,19,20,0,13,1,0
HE0030 H-63423,4,4,38,0,0,0,0,2,2,3,0,43,3,0
HE0031 E-52498,6,6,375,1,0,0,0,8,4,6,0,14,6,4
HE0032 G-17136,35,35,597,0,0,0,0,40,30,35,0,14,35,4
HE0033 G-11932,17,21,633,6,0,0,0,45,39,21,0,5,17,4
HE0034 A-85349,28,28,580,0,0,0,0,0,0,28,0,14,28,0
HE0035-13720,11,13,402,0,0,0,0,29,19,12,0,14,10,4
HE0036 I-25459,23,22,730,6,0,0,0,39,27,22,0,8,23,4
HE0037 M-63169,8,8,82,0,0,0,0,0,0,7,0,14,7,0
HE0038 M-45192,15,15,587,0,0,0,0,44,41,15,0,14,15,0
HE0039 M-12167,17,17,571,14,0,0,0,21,21,17,0,5,17,0
HE0040 I-38012,8,13,501,7,0,0,0,15,13,12,0,5,8,0
HE0042 N-90920,3,1,5,9,0,0,0,0,0,0,0,82,3,0
HE0044 E-48457,18,18,284,0,0,0,0,0,0,19,0,14,19,0
HE0045 G-16465,11,12,108,4,0,0,0,6,6,11,11,77,12,0
HV0001 O-37297 ST,2,2,39,2,0,0,0,4,2,2,3,0,2,0
HV0002 O-37296 ST,1,14,2955,2,0,0,13,38,38,14,14,14,1,0
HV0008 P-41462 WT,8,8,3535,1,0,0,0,49,50,8,8,13,8,0
HV0009 P-41465 WT,18,19,3076,0,0,0,0,36,36,19,19,14,18,0
HV0010 P-41467 WT,12,12,3393,0,0,0,1,41,38,12,12,14,12,0
HV0011 P-41476 WT,9,9,2065,1,0,0,0,20,16,11,9,13,9,4
HV0012 B-62495 WT,2,3,9,9,0,0,0,0,0,3,3,13,2,0
HV0013 A-18265 WT,26,26,1967,4,0,0,0,29,27,26,25,14,25,0
HV0014 P-41361 WT,12,12,3480,0,0,0,0,34,33,12,12,14,12,0
HV0015 P-41360 WT,0,0,0,0,0,0,0,0,0,0,0,0,0,0
HV0016 E-19525 TT,24,24,1214,4,0,0,4,5,4,25,25,14,25,0
HV0017 B-62890 ST,16,17,3670,1,0,0,24,53,46,16,16,14,16,4
HV0018 P-12679 WT,9,9,3797,0,0,0,1,0,0,9,9,14,9,0
HV0019 P-12680 WT,9,9,3965,0,0,0,0,0,0,9,9,15,9,0
HV0020 P-12683 WT,16,16,3786,0,0,0,0,0,0,16,16,14,16,0
HV0021 P-12682 WT,8,9,3899,0,0,0,1,0,0,9,9,14,8,0
HV0022 P-12681 WT,23,25,3561,0,0,0,3,0,0,25,25,14,23,0
HV0023 k-78991 WT,6,8,102,1,0,0,0,2,0,8,8,1,6,0
HV0024 Q-10184,35,36,1876,0,0,0,106,1,1,35,35,15,35,0
HV0025 B-68158 TT,43,43,4088,1,0,0,18,16,15,42,42,14,43,0
HV0026 B-34716 TT,35,46,3192,2,0,0,12,14,14,46,46,17,36,0
HV0027 H-43248 WT,18,19,3202,1,0,0,1,42,35,17,17,14,17,4
HV0028 H-44364 WT,9,11,2884,5,0,0,3,31,24,8,8,15,8,4
HV0029 H-44501 WT,15,16,2785,2,0,0,0,30,24,15,15,14,16,4
HV0030 H-41549 WT,6,7,2358,4,0,0,0,26,23,7,7,14,6,0
HV0031 H-43927 WT,5,5,28,10,0,0,0,0,0,5,5,11,5,0
HV0032 H-63287 ST,7,7,3484,1,0,0,12,47,47,7,8,16,7,0
HV0033 Q-80784 WT,6,7,2568,3,0,0,0,24,22,6,6,14,6,0
HV0034 Q-80769 WT,8,9,2815,3,0,0,0,29,30,9,8,14,9,0
HV0035 A-63802 WT,23,24,2256,6,0,0,0,35,18,23,23,14,23,4
HV0036 G-12593 WT,12,12,2770,2,0,0,0,38,38,12,12,14,12,0
HV0037 E-65490 WT,21,21,2350,2,0,0,0,41,40,21,21,14,21,0
HV0038 F-20929,13,14,522,4,0,0,8,2,2,14,14,14,13,0
HV0039 E-36435,36,36,1569,2,0,0,66,1,1,37,36,15,36,0
HV0040 B-13547,12,12,1431,0,0,0,7,10,9,12,12,13,12,0
HV0041 K-46543 WT,16,16,3558,0,0,0,0,54,47,16,16,14,16,4
HV0042 K-52360 WT,0,1,5,0,0,0,0,0,0,0,0,14,0,8
HV0043 J-24873 WT,0,1,5,0,0,0,0,0,0,0,0,14,0,8
HV0044 F-79981 WT,23,22,135,2,0,0,0,0,0,21,21,14,23,0
HV0045 I-35516 WT,5,1,5,13,0,0,0,0,0,0,0,12,4,0
HV0046 B-22742 TC,12,15,890,0,0,0,9,46,44,15,15,13,12,0
HV0047 F-91705 WT,0,1,5,0,0,0,0,0,0,0,0,14,0,8
HV0048 G-45279 WT,2,0,0,8,0,0,0,0,0,0,0,13,2,32
HV0049 H-52656 WT,0,1,5,0,0,0,0,0,0,0,0,14,0,8
HV0050 H-93041,8,17,205,10,0,0,32,0,0,13,13,5,8,2
HV0051 E-42532 WT,6,9,433,0,0,0,2,24,20,8,8,13,5,4
HV0052 F-33143 WT,0,1,5,0,0,0,0,0,0,0,0,14,0,8
HV0053 F-57085 WT,0,1,5,1,0,0,0,0,0,0,0,14,0,8
HV0054 D-91950 WT,9,9,770,0,0,0,1,53,49,9,9,14,9,4
HV0055 E-18363 WT,70,70,282,0,0,0,0,17,17,70,70,14,70,0
HV0056 L-80484 WT,56,57,299,0,0,0,2,5,5,57,57,14,56,0
HV0057 E-91962 WT,30,32,186,0,0,0,0,15,14,33,33,14,31,0
HV0058 E-19429 WT,56,57,297,0,0,0,4,9,9,57,57,14,56,0
HV0059 I-84078 WT,0,0,0,0,0,0,0,0,0,0,0,14,0,32
HV0060 N-28753 WT,0,0,0,0,0,0,0,0,0,0,0,14,0,32
HV0061 N-28805 WT,0,1,5,0,0,0,0,0,0,0,0,14,0,8
HV0062 I-84473 WT,6,7,114,0,0,0,0,0,0,6,6,14,6,0
HV0063 G-76729 WT,0,0,0,0,0,0,0,0,0,0,0,218,0,32
HV0064 P-93858 TT,23,24,508,0,0,0,14,22,21,23,23,14,22,0
HV0065 P-12588 TT,24,25,440,0,0,0,4,21,21,25,25,14,24,0
HV0066 K-76196 WT,37,35,17,0,0,0,0,1,0,34,34,12,36,0
HV0067 F 62441 WT,2,7,34,1,0,0,0,2,1,7,7,10,2,0
HV0069 L-80463,0,0,0,0,0,0,0,0,0,0,0,0,0,0
HV0070 C-39164 WT,32,35,341,0,0,0,5,14,13,35,35,14,32,0
HV0071 C-66754 WT,26,28,254,0,0,0,0,12,12,27,27,14,25,0
HV0072 G-76821 WT,0,1,3,0,0,0,0,0,0,1,1,14,1,8
HV0073 D-71526 WT,1,2,0,0,0,0,0,0,0,2,2,14,2,32
HV0074 L-51743,0,0,0,0,0,0,0,0,0,0,0,13,0,32
HV0075 H-32450,35,32,57,0,0,0,2,1,0,32,32,14,35,0
HV0076 I-89686,1,0,0,0,0,0,0,0,0,0,0,12,1,32
HV0077 G-96930,0,2,6,1,0,0,0,1,0,2,2,5,0,8
HV0078 J-24069,6,7,4,1,0,0,0,0,0,7,7,10,7,0
HV0087 F-66348 WT,3,0,0,5,0,0,0,0,0,0,0,12,3,32
HV0088 D-69935 WT,0,0,0,0,0,0,0,0,0,0,0,14,0,32
HV0090 F-77501 WT,0,3,2883,9,0,0,0,0,0,3,3,10,0,8
HV0091 N-13269 WT,0,2,4,0,0,0,0,1,0,2,2,21,0,8
HV0092 D-69925 WT,0,1,5,8,0,0,0,0,0,0,0,12,0,8
HV0093 J-78490 WT,0,0,0,0,0,0,0,0,0,0,0,15,0,32
HV0094 F-68922 WT,1,2,22,10,0,0,0,0,0,2,2,14,1,0
HV0095 F-10352 WT,0,11,329,0,0,0,1,19,17,12,12,13,0,8
HV0096 D-96724 WT,0,0,0,0,0,0,0,0,0,0,0,14,0,32
LE0003 O-49863,25,32,22,0,0,0,0,0,0,33,0,5,24,0
LE0004 O-49864,31,31,118,0,0,0,0,1,1,31,0,14,31,0
LE0006 O-37304,0,0,0,0,0,0,0,0,0,0,0,0,0,0
LE0007 K-44073,39,40,310,0,0,0,0,0,0,40,0,14,39,0
LE0008 K-44938,0,0,0,0,0,0,0,0,0,0,0,13,0,32
LE0009 K-44620,32,32,439,6,0,0,0,28,6,32,0,5,32,4
LE0012 B-16258,41,42,429,0,0,0,0,13,11,42,0,13,41,0
LE0013 F-21035,47,47,236,0,0,0,0,5,4,47,0,14,47,0
LE0014 C-22780,71,80,398,0,0,0,0,0,0,81,0,14,72,0
LE0015 K-16305,58,60,381,0,0,0,0,2,1,56,0,14,57,2
LE0017 K-16315,46,92,182,3,0,0,0,2,0,93,0,14,46,0
LE0020,0,0,0,0,0,0,0,0,0,0,0,0,0,0
LE0021,26,30,101,0,0,0,0,7,3,29,0,13,26,4
LE0022,33,36,163,0,0,0,0,6,5,37,0,14,35,0
LE0023 B-18003,190,201,532,0,0,0,0,0,0,202,0,14,191,0
LE0024 B-18029,67,60,226,5,0,0,0,2,0,60,0,13,67,0
LE0025,0,0,0,0,0,0,0,0,0,0,0,14,0,32
LE0027 P-85361,0,23,129,0,0,0,0,5,3,23,0,13,0,8
LE0030 D-61854,1,53,485,7,0,0,0,16,13,53,0,7,1,0
LE0031 B-40173,0,0,0,0,0,0,0,0,0,0,0,0,0,0
LE0032 A-29437,42,45,76,0,0,0,0,6,4,45,0,19,43,0
LE0033 C-60350,0,0,0,0,0,0,0,0,0,0,0,0,0,0
LE0034 C-60142,22,42,351,0,0,0,0,0,0,40,0,14,21,0
LE0035 C-60865,82,127,301,1,0,0,0,0,0,127,0,14,82,0
LE0039 Q-10359,24,24,31,0,0,0,0,1,1,23,0,12,23,0
LE0041 Q-35187,1,1,0,0,0,0,0,0,0,1,0,14,1,32
LE0042 B-32505,18,20,111,0,0,0,0,8,5,21,0,14,19,0
LE0043 P-28206,11,11,28,0,0,0,0,0,0,11,0,14,11,0
LE0044 P-28063,45,47,196,0,0,0,0,15,7,46,0,14,44,4
LE0045 B-62491,68,67,587,0,0,0,0,8,5,67,67,14,68,0
LE0046 Q-90082,14,14,156,0,0,0,0,14,0,14,0,14,14,4
LE0047 E-34268,0,0,0,0,0,0,0,0,0,0,0,0,0,0
LE0051 K-69340,0,0,0,0,0,0,0,0,0,0,0,0,0,0
LE0052 K-69341,0,0,0,0,0,0,0,0,0,0,0,14,0,32
LE0053 G-12708,37,43,219,0,0,0,0,1,1,43,0,14,37,0
LE0054 N-11703,36,39,228,0,0,0,0,9,7,39,0,14,36,0
LE0055 G-12668,84,87,292,0,0,0,0,8,8,87,0,14,84,0
LE0056 A-98249,44,51,453,0,0,0,0,7,7,51,0,14,44,0
LE0061 R-73006,34,34,297,0,0,0,0,22,12,33,0,13,33,4
LE0066 F-45913,0,0,0,0,0,0,0,0,0,0,0,14,0,32
LE0067 B-20529,2,0,0,1,0,0,0,0,0,0,0,9,1,32
LE0068 B-12578,0,59,96,0,0,0,0,3,2,59,59,13,0,8
LE0069 P-48405,109,121,462,0,0,0,0,5,3,122,122,13,110,0
LE0071 R-73025,211,219,553,0,0,0,0,0,0,219,0,14,211,0
LE0072 R-73022,69,65,311,1,0,0,1,5,3,66,64,14,69,0
LE0073 R-73026,83,86,403,0,0,0,1,3,3,86,86,14,83,0
LE0074 R-73024,110,112,499,0,0,0,0,8,6,111,111,14,110,0
LE0075 G-14423,3,6,50,0,0,0,0,0,0,6,0,16,3,0
LE0076 G-17965,18,18,94,0,0,0,1,12,8,17,17,14,17,4
LE0077 R-54247,8,8,80,0,0,0,0,0,0,8,0,12,8,0
LE0078 R-45977,96,102,284,0,0,0,0,6,4,102,0,14,96,0
LE0079,52,54,276,1,0,0,0,0,0,54,0,14,51,0
LV1100 M-96233,92,90,1450,4,0,0,90,0,0,90,91,14,92,0
LV1101 M-96234,24,24,423,10,0,0,41,0,0,24,24,18,24,0
LV1102 M-96235,16,16,103,11,0,0,2,1,1,16,16,15,16,0
LV1103 I-47738,51,52,1161,2,0,0,19,0,0,51,51,12,50,0
LV1104 I-46335,31,32,719,3,0,0,59,3,3,32,32,13,31,0
LV1105 H-49723,28,28,476,7,0,0,23,0,0,28,28,14,28,0
LV1106 I-50325,31,29,1389,4,0,0,19,9,9,28,28,14,30,0
LV1107 B-48375,7,7,128,13,0,0,3,1,0,6,6,14,6,0
LV1108 O-42176,43,43,765,4,0,0,74,0,0,43,43,14,43,0
LV1109 O-29563,57,57,1093,5,0,0,25,0,0,57,57,15,57,0
LV1110 O-29558,83,88,2804,1,0,0,59,7,6,90,89,14,85,0
LV1111 O-29564,108,108,2719,0,0,0,75,0,0,106,106,14,108,0
LV1112 O-54013,63,64,1297,1,0,0,72,0,0,64,64,14,64,0
LV1113 O-54014,50,50,899,6,0,0,48,0,0,49,49,14,49,0
LV1114 O-54016,41,43,824,0,0,0,5,7,5,43,43,14,41,0
LV1115 O-54015,60,61,1242,0,0,0,19,6,5,61,60,14,60,0
LV1116 O-54017,61,61,3587,0,0,0,40,31,24,60,60,14,60,4
LV1117 O-54018,5,5,49,9,0,0,0,1,0,5,5,13,5,0
LV1118 O-54019,67,66,2667,0,0,0,25,5,3,65,65,14,66,0
LV1119 O-54206,15,17,17,3,0,0,1,3,1,18,18,10,16,0
LV1120 O-54205,24,25,811,6,0,0,115,0,0,25,25,12,24,0
LV1121 O-54204,0,356,2676,98,0,0,29,13,12,250,231,39,0,10
LV1122 O-54203,63,64,1395,2,0,0,58,1,0,61,61,14,62,0
LV1123 O-54201,23,23,481,2,0,0,31,0,0,23,23,14,23,0
LV1124 O-54199,20,20,382,5,0,0,18,1,0,20,20,13,21,0
LV1125 O-54198,59,60,813,0,0,0,52,0,0,60,60,14,59,0
LV1126 O-54197,144,146,2327,2,0,0,79,0,0,144,144,14,145,0
LV1128 O-54195,45,44,1794,4,0,0,37,15,13,44,44,15,45,0
LV1129 O-54194,33,33,677,5,0,0,31,4,3,32,32,13,32,0
LV1130 O-54193,28,29,650,6,0,0,9,0,0,29,28,12,28,0
LV1131 O-54192,33,33,627,3,0,0,22,0,0,33,33,15,33,0
LV1133 O-54188,16,15,272,5,0,0,35,0,0,14,14,14,15,0
LV1134 O-54190,188,210,3625,6,0,0,45,4,4,211,210,18,188,0
LV1135 O-59541,0,28,4059,3,0,0,233,18,18,28,28,16,0,8
LV1136 O-59540,67,68,1230,2,0,0,34,1,0,66,66,15,66,0
LV1137 O-59537,62,66,1616,3,0,0,77,1,0,67,65,16,61,0
LV1138 O-59539,42,42,1076,5,0,0,16,3,1,44,43,15,43,0
LV1139 O-59543,29,30,605,0,0,0,33,0,0,30,29,14,29,0
LV1140 O-59542,73,75,1309,0,0,0,30,0,0,76,75,15,73,0
LV1141 O-59538,68,71,1180,0,0,0,10,5,1,71,70,13,67,4
LV1142 O-67635,58,58,1592,2,0,0,68,2,2,58,57,14,57,0
LV1143 A-95402,136,135,2551,2,0,0,120,5,4,135,135,13,136,0
LV1144 O-94134,47,48,732,2,0,0,18,1,0,48,49,14,47,0
LV1146 O-18326,30,30,572,0,0,0,28,1,1,30,30,18,30,0
LV1147 O-18317,5,16,313,0,0,0,70,1,0,16,16,13,5,0
LV1148 O-18315,18,19,245,0,0,0,3,0,0,19,19,13,18,0
LV1149 O-18320,25,25,492,0,0,0,44,1,1,25,25,13,25,0
LV1150 O-18321,12,13,177,0,0,0,17,0,0,13,13,13,12,0
LV1151 O-84299,42,41,711,5,0,0,56,0,0,41,41,14,42,0
LV1152 O-84298,24,24,681,6,0,0,48,0,0,24,24,15,24,0
LV1153 O-84301,34,35,1103,0,0,0,64,0,0,35,35,14,34,0
LV1154 O-84297,19,21,349,10,0,0,19,0,0,21,21,14,19,0
LV1155 N-40892,88,90,690,0,0,0,16,0,0,90,90,14,88,0
LV1156 A-49527,40,40,719,7,0,0,16,1,1,40,40,14,40,0
LV1157 O-37298,80,82,1941,0,0,0,22,13,8,81,81,14,80,4
LV1158 O-37327,14,14,342,0,0,0,14,0,0,13,13,14,13,0
LV1159 O-37326,34,32,299,2,0,0,11,2,1,32,32,14,33,0
LV1160 H-39424,0,0,0,14,0,0,0,0,0,0,0,14,0,32
LV1161 H-38869,70,72,1287,0,0,0,44,2,2,71,71,14,70,0
LV1162 H-38716,74,74,1458,2,0,0,164,1,1,77,74,15,76,0
LV1163 H-38789,81,83,2099,0,0,0,0,9,6,83,82,14,82,0
LV1164 H-38824,67,71,1450,0,0,0,28,15,10,70,70,15,66,4
LV1165 C-34514,28,28,525,2,0,0,28,0,0,28,28,13,28,0
LV1166 J-60327,70,69,1247,0,0,0,89,2,0,70,69,14,68,0
LV1167 D-52696,32,32,873,0,0,0,84,6,4,32,32,14,32,0
LV1168 K-41583,10,12,8,0,0,0,1,0,0,11,11,12,9,0
LV1169 K-41619,12,12,218,11,0,0,7,0,0,12,12,13,12,0
LV1170 P-14809,52,53,1060,4,0,0,18,5,4,52,52,14,51,0
LV1171 P-12684,59,59,1449,0,0,0,33,1,1,58,58,14,58,0
LV1172 C-60073,86,86,2565,1,0,0,22,10,11,86,86,14,87,0
LV1173 C-71737,86,85,1817,0,0,0,11,5,5,86,85,14,87,0
LV1174 C-65476,67,68,1226,0,0,0,84,0,0,68,68,14,67,0
LV1175 C-64616,41,42,793,0,0,0,17,3,3,43,43,14,42,0
LV1176 C-68910,44,45,1453,0,0,0,82,7,4,46,45,15,44,0
LV1177 C-65155,39,41,1443,5,0,0,13,13,9,40,40,13,39,4
LV1178 E-14383,58,58,3136,3,0,0,65,38,33,57,57,15,56,4
LV1179 E-14659,38,38,1408,0,0,0,350,5,4,38,38,14,38,0
LV1181 E-15080,38,41,1001,0,0,0,36,2,2,41,41,13,38,0
LV1182 E-15642,58,59,929,0,0,0,84,1,1,59,59,14,58,0
LV1183 K-78507,29,30,1033,0,0,0,75,4,2,28,28,14,28,0
LV1184 K-77213,49,51,1002,0,0,0,41,1,1,52,52,13,50,0
LV1185 K-75764,37,39,1030,0,0,0,37,0,0,39,39,14,37,0
LV1186 Q-10150,41,41,1245,2,0,0,13,2,1,40,40,14,40,0
LV1187 Q-10152,37,37,435,6,0,0, ,0,0,37,37,16,37,0
LV1188 Q-10153,80,84,2520,0,0,0,44,11,4,85,86,15,81,4
LV1189 Q-10154,15,13,197,2,0,0,1,3,0,13,13,6,16,0
LV1190 Q-10156,1,0,0,1,0,0,0,0,0,0,0,17,1,32
LV1191 Q-10157,77,83,1996,1,0,0,60,7,6,82,82,17,77,0
LV1192 Q-10288,89,86,1210,0,0,0,19,0,0,85,85,15,87,0
LV1193 Q-10319,38,39,209,8,0,0,4,0,0,38,38,14,37,0
LV1194 Q-10348,53,52,701,7,0,0,22,0,0,52,52,14,53,0
LV1195 Q-35185,14,14,1085,3,0,0,39,4,4,15,14,13,14,0
LV1196 Q-35186,32,33,4203,0,0,0,123,10,10,33,33,16,33,0
LV1197 Q-35188,34,35,1230,1,0,0,84,0,0,35,35,14,34,0
LV1198 Q-35190,35,35,1509,4,0,0,53,12,5,35,35,15,35,4
LV1199 P-28164,46,45,1463,0,0,0,21,2,2,45,45,16,46,0
LV1200 H-44958,118,120,2124,0,0,0,41,1,1,121,120,14,118,0
LV1201 Q-80812,82,85,3133,0,0,0,44,17,12,85,86,14,84,4
LV1204 D-23489,10,2,20,11,0,0,0,0,0,2,2,17,10,0
LV1205 I-70734,29,30,310,6,0,0,1,0,0,30,30,13,29,0
LV1206 O-49805,60,62,1899,0,0,0,69,8,3,62,62,14,60,4
LV1207 N-56866,43,44,697,0,0,0,6,6,0,43,43,14,42,4
LV1209 N-59148,23,23,393,6,0,0,18,2,2,23,23,13,23,0
LV1210 N-60898,22,24,740,3,0,0,41,0,0,24,24,14,22,0
LV1211 J-33402,12,11,179,13,0,0,6,0,0,11,11,12,12,0
LV1212 I-70790,23,24,412,5,0,0,26,1,1,24,24,13,23,0
LV1213 P-65092,24,23,702,0,0,0,89,3,3,23,23,14,24,0
LV1214 P-70919,57,57,1252,1,0,0,56,2,2,57,57,13,57,0
LV1215 P-61418,28,28,697,2,0,0,35,1,1,28,28,13,28,0
LV1216 N-49430,0,0,0,12,0,0,0,0,0,0,0,13,0,32
LV1217 N-30548,79,79,1386,0,0,0,134,0,0,79,79,14,78,0
LV1218 J-18960,73,74,1729,1,0,0,199,1,1,75,76,14,74,0
LV1219 N-28727,97,97,438,1,0,0,25,1,0,96,96,14,96,0
LV1220 N-90256,13,48,1360,2,0,0,33,7,5,48,48,14,13,0
LV1230 I-89616,0,0,0,0,0,0,0,0,0,0,0,0,0,0
LV1254 S-69627,62,86,337,0,0,0,86,7,5,86,85,15,62,0
LV1255 S-69640,31,31,111,0,0,0,30,1,0,31,30,13,31,0
LV1256 S-69645,13,14,173,0,0,0,9,4,4,13,13,13,12,0
LV1257 S-69646,70,71,554,1,0,0,67,7,5,70,70,13,69,0
LV1258 S-69647,73,74,215,2,0,0,23,8,8,73,74,13,72,0
LV1259 S-69648,65,65,378,3,0,0,29,16,10,64,64,14,64,4
LV1260 S-69649,55,56,287,2,0,0,44,7,7,55,55,13,54,0
LV1261 S-69650,82,80,386,0,0,0,32,5,3,80,80,14,81,0
LV1262 S-69651,69,70,505,3,0,0,46,15,13,69,69,16,68,0
LV1263 S-79869,47,49,353,2,0,0,45,14,9,48,48,13,46,4
LV1264 S-79872,0,0,0,0,0,0,0,0,0,0,0,13,0,32
LV1265 S-79871,101,101,425,2,0,0,36,8,5,101,101,15,102,0
LV1266 S-79870,80,87,587,1,0,0,41,12,8,85,84,15,80,4
LV1268 K-83604,36,27,256,2,0,0,16,10,7,26,0,14,35,16
LV1269 C-65546,49,48,136,0,0,0,0,3,2,47,0,8,48,0
LV1270 Q-10355,110,122,330,1,0,0,14,3,2,121,128,17,110,0
LV1271 Q-10148,87,88,277,1,0,0,96,4,2,87,95,16,86,0
LV1273 E-15850,67,67,128,0,0,0,16,1,1,67,67,14,67,0
LV1274 M-78418,80,78,278,1,0,0,32,4,3,78,88,16,80,0
LV1281 H-65822,37,38,146,0,0,0,63,0,0,38,38,14,37,0
LV1282 G-14693,0,37,171,0,0,0,103,1,1,36,36,14,0,8
LV1283,13,13,9,0,0,0,0,0,0,13,13,14,13,0
LV1284 Q-10373,0,47,198,0,0,0,118,0,0,47,47,41,0,8
LV1285 R-72978,35,35,165,0,0,0,35,0,0,35,35,14,35,0
LV1286 Q-80797,3,3,0,0,0,0,0,0,0,3,3,13,3,32
LV1287 K-12580,2,0,0,0,0,0,0,0,0,0,0,14,2,32
LV1288 L-83025,52,52,146,0,0,0,17,1,1,52,52,13,52,0
LV1289 O-49852,1,0,0,0,0,0,0,0,0,0,0,14,1,32
LV1290 K-56709,127,128,2487,1,0,0,98,10,7,128,127,14,127,0
LV1291 M-93511,17,17,773,8,0,0,13,0,0,17,17,13,17,0
LV1293 H-83488,35,36,508,2,0,0,3,1,0,36,36,14,35,0
LV1294 F-57064,22,22,437,6,0,0,6,0,0,22,22,13,22,0
LV1295 F-56623,50,51,1188,0,0,0,59,1,0,51,50,14,50,0
LV1296 B-31361,80,80,209,6,0,0,0,1,1,81,3,7,80,0
LV1297 F-58950,64,67,389,0,0,0,27,16,13,67,68,14,64,0
P01433,0,0,672,0,0,0,0,0,0,0,0,14,0,0
P01455,0,0,0,0,0,0,0,0,0,0,0,0,0,0
P01466,0,0,0,0,0,0,0,0,0,0,0,0,0,0
P01467,0,3,668,0,0,0,0,0,0,3,0,14,0,8
P01492,0,2,666,0,0,0,0,0,0,2,0,14,0,8
P01569,0,0,0,0,0,0,0,0,0,0,0,0,0,0
P01572,0,0,0,0,0,0,0,0,0,0,0,15,0,32
P01574,0,5,148,9,0,0,0,0,0,9,0,5,0,10
P01844,0,7,32,2,0,0,0,0,0,8,0,4,0,8
P01845,0,16,288,0,0,0,0,0,0,17,0,14,0,8
P01857,0,0,0,0,0,0,0,0,0,0,0,0,0,0
P01921,0,0,0,0,0,0,0,0,0,0,0,0,0,0
P01923,0,4,70,1,0,0,0,0,0,4,0,9,0,8
P01951,0,9,177,1,0,0,0,0,0,9,0,11,0,8
P01969,0,14,261,0,0,0,0,0,0,14,0,8,0,8
P01970,0,0,0,0,0,0,0,0,0,0,0,0,0,0
P01972,0,8,635,4,0,0,0,0,0,8,0,21,0,8
P02014,0,6,670,0,0,0,0,0,0,6,0,14,0,8
P02015,0,9,278,0,0,0,0,0,0,9,0,15,0,8
P02153,0,0,0,0,0,0,0,0,0,0,0,14,0,32
P02372,0,14,231,0,0,0,0,0,0,14,0,12,0,8
P02447,0,18,121,0,0,0,0,10,8,17,0,14,0,8
P02553,0,0,0,0,0,0,0,0,0,0,0,0,0,0
P02609,0,6,190,0,0,0,0,0,0,6,0,14,0,8
P02610,0,8,138,1,0,0,0,0,0,6,0,10,0,8
P02612,0,15,517,0,0,0,0,0,0,15,0,13,0,8
P02633,0,0,0,1,0,0,0,0,0,0,0,0,0,0
P02634,0,9,43,5,0,0,0,0,0,8,0,4,0,8
P02635,0,8,55,1,0,0,0,0,0,9,0,12,0,8
P02698,0,0,0,0,0,0,0,0,0,0,0,14,0,32
P02699,0,7,478,0,0,0,0,0,0,6,0,14,0,8
P02740,0,6,240,0,0,0,0,0,0,7,0,14,0,8
P02770,0,6,191,0,0,0,0,0,0,6,0,14,0,8
P02771,0,0,0,0,0,0,0,0,0,0,0,0,0,0
P02772,0,0,0,0,0,0,0,0,0,0,0,0,0,0
P02861,0,0,0,0,0,0,0,0,0,0,0,0,0,0
P02862,0,2,416,0,0,0,0,0,0,3,0,14,0,8
P02863,0,0,0,0,0,0,0,0,0,0,0,13,0,32
P02968,0,0,0,0,0,0,0,0,0,0,0,0,0,0
P03173,0,14,325,0,0,0,0,0,0,14,0,14,0,8
P03174,0,7,213,1,0,0,0,0,0,6,0,14,0,8
P03175,0,2,667,0,0,0,0,0,0,2,0,14,0,8
P03176,0,0,0,0,0,0,0,0,0,0,0,0,0,0
P03177,0,0,0,0,0,0,0,0,0,0,0,0,0,0
P03178,0,7,229,2,0,0,0,0,0,7,0,7,0,8
P03267,0,0,0,0,0,0,0,0,0,0,0,14,0,32
P03268,0,0,0,0,0,0,0,0,0,0,0,14,0,32
P03269,0,0,0,0,0,0,0,0,0,0,0,0,0,0
P03270,0,0,0,0,0,0,0,0,0,0,0,0,0,0
Portable - 01,0,0,0,0,0,0,0,0,0,0,0,0,0,0
Portable - 02,0,0,0,0,0,0,0,0,0,0,0,0,0,0
Portable - 03,0,0,0,0,0,0,0,0,0,0,0,0,0,0
Portable - 04,0,0,0,0,0,0,0,0,0,0,0,0,0,0
Portable - 05,0,0,0,0,0,0,0,0,0,0,0,0,0,0
Portable - 06,0,0,0,0,0,0,0,0,0,0,0,0,0,0
Portable - 07,0,0,0,0,0,0,0,0,0,0,0,0,0,0
Portable - 08,0,0,0,0,0,0,0,0,0,0,0,0,0,0
Portable - 09,0,0,0,0,0,0,0,0,0,0,0,0,0,0
Portable - 10,0,0,0,0,0,0,0,0,0,0,0,0,0,0
Portable - 11,0,0,0,0,0,0,0,0,0,0,0,0,0,0
Portable - 12,0,0,0,0,0,0,0,0,0,0,0,0,0,0
Portable - 13,0,0,0,0,0,0,0,0,0,0,0,0,0,0
power supply voltage,0,0,0,0,0,0,0,0,0,0,0,0,0,0
RFID TEXT,0,0,0,0,0,0,0,0,0,0,0,0,0,0
test,0,0,0,0,0,0,0,0,0,0,0,0,0,0
UTank-1,0,0,0,0,0,0,0,0,0,0,0,0,0,0
UTank-2,0,0,0,0,0,0,0,0,0,0,0,0,0,0
V00034 F-79985 TT,0,0,0,12,0,0,0,0,0,0,0,13,0,32
V00207 C-70933,1,26,200,0,0,0,0,0,0,27,0,14,1,0
V00280 C-90414 MT,14,14,1100,4,0,0,2,16,16,15,15,14,15,0
V00321 D-16645,21,16,21,2,0,0,0,0,0,17,0,7,22,0
V00326 B-47962,0,0,0,0,0,0,0,0,0,0,0,14,0,32
V00341 A-58054 WT,8,14,2592,2,0,0,0,29,29,14,0,13,8,0
V00343 A-77295 WT,14,15,2448,2,0,0,3,17,18,16,16,14,15,0
V00344 B-40186 WT,26,30,2812,5,0,0,1,44,41,30,30,5,26,0
V00345 C-47617 WT,2,2,2,12,0,0,0,0,0,2,2,13,2,0
V00364 B-60453,44,43,648,2,0,0,19,0,0,44,44,14,45,0
V00380 E-55746 WT,20,25,3597,0,0,0,1,59,53,26,26,14,21,4
V00381 E-56152 WT,0,0,0,0,0,0,0,0,0,0,0,0,0,0
V00382 G-67932,0,0,0,0,0,0,0,0,0,0,0,15,0,32
V00392 H-46383 CT,42,42,3076,2,0,0,1,28,26,43,43,14,43,0
V00395 H-34596,0,0,0,0,0,0,0,0,0,0,0,0,0,0
V00398 H-34595,0,59,45,0,0,0,0,0,0,59,0,14,0,8
V00399 F-89371,44,45,111,0,0,0,0,7,7,45,0,12,44,0
V00403 H-54027,0,0,0,0,0,0,0,0,0,0,0,0,0,0
V00404 H-54015 WT,0,0,0,0,0,0,0,0,0,0,0,0,0,0
V00406 H-54018,22,22,1284,5,0,0,7,3,3,22,22,18,22,0
V00408 H-54025,2,2,2,12,0,0,0,0,0,2,2,13,2,0
V00409 H-54024,0,34,941,2,0,0,19,0,0,32,32,15,0,8
V00410 H-54026,0,4,57,10,0,0,2,0,0,4,4,13,0,8
V00412 H-54032,0,179,693,13,0,0,0,47,37,0,0,23,0,14
V00417 F-37202,28,37,336,0,0,0,0,30,22,39,0,13,28,4
V00418 H-54043,14,15,722,0,0,0,0,43,43,15,0,13,14,0
V00419 F-57216,0,1,0,0,0,0,0,0,0,1,0,13,0,40
V00420 H-54034 DT,13,28,200,11,10,10,0,7,7,36,0,20,13,2
V00422 H-69156,0,51,590,0,0,0,0,55,51,51,0,14,0,12
V00423 H-69157,0,0,0,0,0,0,0,0,0,0,0,0,0,0
V00424 H-69155,0,0,0,0,0,0,0,0,0,0,0,0,0,0
V00429 A-68550 WT,9,11,3846,0,0,0,0,55,54,11,11,14,9,0
V00431 H-74361,37,37,801,7,0,0,15,1,1,37,37,13,37,0
V00432 H-72923 WT,1,1,6,1,0,0,0,0,0,1,1,0,0,0
V00433 H-72924 WT,16,16,3678,0,0,0,1,33,33,16,16,14,16,0
V00437 H-70126 WT,10,13,2915,0,0,0,1,39,38,13,13,14,10,0
V00438 H-74381,0,0,0,0,0,0,0,0,0,0,0,0,0,0
V00441 H-77207 WT,0,0,0,0,0,0,0,0,0,0,0,0,0,0
V00442 H-82568 WT,1,1,30,13,0,0,0,1,0,1,1,14,1,0
V00452 H-84460 TT,10,11,1781,2,0,0,0,20,18,12,12,15,11,0
V00455 H-84459 TT,16,20,2098,5,0,0,10,8,8,19,19,14,16,0
V00456 H-85012,57,66,582,0,0,0,0,0,0,67,0,14,57,0
V00458 H-94987,18,20,620,5,0,0,0,0,0,20,0,5,18,0
V00461 F-70511,4,6,6,2,0,0,0,1,0,6,0,2,4,0
V00462 F-75188,98,107,373,3,0,0,0,36,5,106,0,14,97,4
V00463 F-75168,0,0,0,0,0,0,0,0,0,0,0,0,0,0
V00464 F-71495,0,43,523,0,0,0,0,36,28,43,0,14,0,12
V00465 F-73146,27,31,312,0,0,0,0,29,25,31,0,14,27,4
V00466 F-76140,5,5,72,7,0,0,0,0,0,5,5,11,5,0
V00467 E-76292,0,0,0,0,0,0,0,0,0,0,0,14,0,32
V00469 G-27120 ST,14,15,3455,3,0,0,37,40,41,15,15,20,15,0
V00470 G-31840 ST,25,27,666,4,0,0,5,7,5,26,26,13,24,0
V00477 H-62009 WT,0,0,0,0,0,0,0,0,0,0,0,0,0,0
V00478 H-62001 WT,4,4,16,9,0,0,0,2,0,4,4,13,4,0
V00479 H-61700 WT,2,1,2,1,0,0,0,0,0,1,1,1,2,0
V00481 H-61711 WT,1,1,2,13,0,0,0,0,0,1,1,14,1,0
V00482 G-28449 ST,10,11,4978,3,0,0,31,64,64,10,10,15,10,0
V00483 G-25492 ST,0,21,4383,1,0,0,18,61,61,21,22,14,0,8
V00484 H-62010,3,0,0,1,0,0,0,0,0,0,0,8,2,32
V00485 I-23793,0,0,0,0,0,0,0,0,0,0,0,14,0,32
V00486 G-39527 WT,5,5,29,11,0,0,0,0,0,5,5,22,5,0
V00487 G-40364 WT,10,11,2569,4,0,0,1,32,29,11,11,14,10,0
V00488 G-37247 WT,20,19,1414,4,0,0,0,21,21,19,19,14,20,0
V00489 G-38458 WT,10,10,3378,2,0,0,0,47,47,10,10,14,10,0
V00490 F-11265,10,23,219,0,0,0,0,13,6,24,0,14,11,4
V00491 F-21859,0,78,96,0,0,0,0,1,0,78,0,14,0,8
V00497 F-52129,2,0,0,0,0,0,0,0,0,0,0,13,2,32
V00499 F-49250,9,17,0,13,0,0,0,0,0,17,0,14,9,32
V00503 G-50364 WT,18,23,2630,1,0,0,0,55,48,22,22,14,18,4
V00505 I-27134 ST,16,21,1076,4,0,0,18,9,8,22,22,15,17,0
V00506 I-27133 ST,8,8,3438,0,0,0,11,46,46,8,8,14,8,0
V00507 I-32608,23,23,388,5,0,0,0,0,0,23,0,6,24,0
V00508 I-32605,14,20,240,0,0,0,0,0,0,19,0,13,13,0
V00510 I-37691 PU,30,30,883,4,0,0,26,7,6,30,30,13,30,0
V00511 I-34829 TT,35,36,1105,1,0,0,0,10,7,36,35,14,35,0
V00513 B-69122,18,19,375,0,0,0,0,18,3,19,0,13,18,4
V00514 E-13105 TT,22,24,4471,2,0,0,19,31,30,23,23,14,22,0
V00515 (Reinstalled),0,0,0,0,0,0,0,0,0,0,0,0,0,0
V00515 D-41844,5,6,231,0,0,0,0,9,9,7,0,14,6,0
V00517 D-97524,48,45,1153,2,0,0,71,0,0,46,44,16,46,0
V00518 I-40755,0,0,0,0,0,0,0,0,0,0,0,0,0,0
V00519 I-40747,1,0,0,0,0,0,0,0,0,0,0,31,1,32
V00520 I-40749,48,59,568,0,0,0,0,56,44,59,0,14,47,4
V00521 I-40751,0,40,96,15,0,0,0,0,0,10,0,2,10,10
V00522 I-40753,42,45,528,0,0,0,0,45,35,45,0,14,42,4
V00523 I-40754,33,37,720,0,0,0,0,21,18,37,0,14,32,0
V00524 I-40745,0,11,823,7,0,0,0,47,45,12,0,7,0,8
V00525 I-38739 DT,11,16,711,0,0,0,0,8,7,15,0,7,10,0
V00529 I-51688,0,0,0,0,0,0,0,0,0,0,0,14,0,32
V00530 D-53060 WT,0,0,0,0,0,0,0,0,0,0,0,0,0,0
V00532 D-46528,23,23,205,2,0,0,0,7,4,22,0,10,22,0
V00546 I-51684,17,21,1001,3,0,0,14,1,1,22,21,13,17,0
V00547 C-25073 PU,56,57,1221,1,0,0,8,14,8,57,57,16,56,4
V00548 I-51687,0,21,846,3,0,0,39,0,0,21,21,14,0,8
V00549 D-51896 TT,25,25,2366,5,0,0,8,20,16,25,24,12,25,4
V00550 D-57835 TT,20,23,3073,2,0,0,2,16,16,24,24,13,20,0
V00551 D-58003 WT,0,0,0,0,0,0,0,0,0,0,0,0,0,0
V00552 D-62375 WT,6,6,3390,2,0,0,0,55,55,6,0,14,6,0
V00553 I-52451 TT,18,19,3768,0,0,0,0,39,38,19,19,14,18,0
V00554 I-52456 TT,27,30,4388,1,0,0,13,42,34,29,29,15,27,4
V00556 I-52453 TT,35,36,4101,1,0,0,27,39,35,36,36,14,35,4
V00559 I-56077,23,23,855,3,0,0,0,0,0,23,0,13,23,0
V00560 I-56075,30,31,1841,1,0,0,62,12,11,31,31,14,30,0
V00562 B-91446 WT,12,12,2432,2,0,0,0,27,27,13,13,14,13,0
V00563 B-94151 WT,24,26,3301,1,0,0,3,42,39,26,26,13,24,0
V00564 A-79374 WT,0,0,0,0,0,0,0,0,0,0,0,0,0,0
V00565 I-64105 WT,27,29,3011,1,0,0,7,44,40,29,29,14,28,4
V00566 I-65788 WT,23,30,3609,0,0,0,13,40,37,30,29,14,23,0
V00568 I-74680 WT,21,24,2377,2,0,0,9,20,19,26,25,14,22,0
V00569 I-74641 WT,6,7,2247,4,0,0,2,15,13,4,4,14,4,0
V00570 I-74681,50,57,537,0,0,0,0,38,29,57,0,14,50,4
V00571 I-79625,45,50,450,0,0,0,0,28,12,50,0,14,45,4
V00573 I-79621,0,0,0,0,0,0,0,0,0,0,0,0,0,0
V00574 I-54431,2,0,0,0,0,0,0,0,0,0,0,14,2,32
V00576 I-79615,29,31,166,0,0,0,0,2,1,30,0,14,28,0
V00580 I-79617,30,32,374,0,0,0,0,21,16,33,0,14,29,4
V00581 I-79622,33,38,339,0,0,0,0,22,7,39,0,14,34,4
V00582 I-54429 WT,38,38,1635,1,0,0,5,17,16,38,38,16,38,0
V00583 I-89594,0,0,0,9,0,0,0,0,0,0,0,13,0,32
V00584 I-89599,25,24,25,0,0,0,0,1,1,24,0,13,25,0
V00586 B-49470 WT,21,22,1290,8,0,0,1,16,15,21,21,13,22,0
V00587 E-59835 WT,10,10,1563,4,0,0,0,27,26,9,9,14,9,0
V00588 I-89608 WT,21,21,3332,2,0,0,0,62,57,21,21,14,21,4
V00590 E-15047 ST,9,11,3712,1,0,0,32,48,47,11,11,15,9,0
V00591 E-16865 ST,10,10,3570,2,0,0,23,53,53,10,10,15,10,0
V00592 E-21247 ST,16,16,3981,0,0,0,19,46,46,16,17,15,16,0
V00593 E-24714 WT,19,19,2414,4,0,0,6,36,31,20,20,13,20,4
V00594 I-89628 WT,0,0,0,0,0,0,0,0,0,0,0,0,0,0
V00596 C-25493,15,15,422,0,0,0,0,13,4,15,0,14,15,4
V00597 C-31267 WT,14,14,2053,0,0,0,2,24,23,15,15,14,15,0
V00599 C-90482 WT,11,11,2407,5,0,0,0,34,29,10,10,12,10,4
V00600 B-48915 WT,9,9,1767,6,0,0,3,17,17,9,9,10,9,0
V00601 C-94218 WT,20,20,3270,0,0,0,0,43,41,20,20,14,20,0
V00602 A-79981 WT,0,0,0,0,0,0,0,0,0,0,0,0,0,0
V00604 A-54267 WT,20,21,2782,4,0,0,2,46,42,22,21,14,20,4
V00606 B-57410 TT,0,10,4107,0,0,0,0,51,50,10,10,14,0,8
V00607 A-65718 WT,7,9,3952,0,0,0,2,67,66,9,9,14,7,0
V00608 C-90412 WT,75,75,2351,1,0,0,6,37,27,75,75,14,76,4
V00611 A-62916 WT,0,39,2064,2,0,0,0,25,24,39,39,14,0,8
V00612 A-32779 WT,9,9,3110,3,0,0,2,26,26,8,8,12,8,0
V00613 A-65620 TT,10,11,3278,3,0,0,8,31,28,11,11,15,11,0
V00614 A-72926 TT,0,1,5,7,0,0,0,0,0,1,1,9,0,8
V00615 J-24085,6,6,6,0,0,0,0,0,0,6,0,13,6,0
V00616 C-27360 WT,32,36,3599,0,0,0,1,56,40,36,36,14,32,4
V00618 B-79205 WT,0,0,0,0,0,0,0,0,0,0,0,0,0,0
V00619 C-90392 WT,27,27,2885,2,0,0,0,28,26,27,27,14,27,0
V00621 B-15659,69,67,307,0,0,0,0,0,0,67,0,14,69,0
V00624 B-80512,0,0,0,0,0,0,0,0,0,0,0,0,0,0
V00626 D-35837,0,0,0,0,0,0,0,0,0,0,0,0,0,0
V00628 D-35410 WT,9,9,2827,4,0,0,8,38,37,9,9,12,9,0
V00629 D-29818 WT,11,13,3621,1,0,0,7,10,9,13,12,14,11,0
V00630 D-71508,22,25,526,9,0,0,0,3,3,25,0,7,22,0
V00631 A-55938,29,28,226,8,0,0,0,0,0,29,0,16,29,0
V00632 A-65958,14,1,11,6,0,0,0,0,0,1,0,4,14,0
V00633 A-53263,1,18,646,5,0,0,0,18,17,17,0,6,1,0
V00634 D-71841,2,0,0,0,0,0,0,0,0,0,0,13,2,32
V00635 A-55923,0,0,0,0,0,0,0,0,0,0,0,0,0,0
V00636 D-69265,14,18,446,7,0,0,0,2,2,17,0,11,13,0
V00638 B-62783,21,21,1100,5,0,0,22,1,1,20,20,13,21,0
V00639 C-90483,0,0,0,0,0,0,0,0,0,0,0,0,0,0
V00641 B-28572,20,24,377,0,0,0,0,18,12,24,0,14,20,4
V00642 D-68077,60,63,372,0,0,0,0,16,13,62,0,14,57,0
V00643 D-72042,28,29,252,0,0,0,0,4,2,29,0,14,29,0
V00644 C-94586,30,33,368,0,0,0,0,0,0,31,0,13,29,0
V00645 A-69864,0,2,0,9,0,0,0,0,0,2,0,2,2,40
V00646 D-67682,34,31,49,1,0,0,0,3,2,30,0,9,34,0
V00647 B-21938,0,0,0,0,0,0,0,0,0,0,0,0,0,0
V00648 D-33104 TT,12,13,3420,3,0,0,6,31,28,13,13,14,12,0
V00649 A-66187,0,0,0,0,0,0,0,0,0,0,0,0,0,0
V00651 C-94205,0,0,0,0,0,0,0,0,0,0,0,0,0,0
V00652 A-64359,0,0,0,0,0,0,0,0,0,0,0,0,0,0
V00654 C-14353 WT,77,93,1678,7,0,0,2,20,18,94,94,4,78,0
V00655 F-61488,0,0,0,0,0,0,0,0,0,0,0,0,0,0
V00657 B-49480,0,0,0,0,0,0,0,0,0,0,0,0,0,0
V00658 F-79984,32,35,507,11,0,0,0,16,13,34,0,5,32,0
V00659 B-46432,32,33,414,0,0,0,0,14,1,32,0,14,31,4
V00660 B-14732,0,0,0,0,0,0,0,0,0,1,0,14,1,32
V00661 A-80594,0,20,405,0,0,0,0,21,17,19,0,16,0,12
V00662 A-88572,42,41,1109,2,0,0,0,0,0,41,0,15,41,0
V00663 B-79984,19,30,1519,3,0,0,37,3,2,31,29,15,19,0
V00664 A-53767,0,33,368,5,0,0,0,1,1,34,0,5,0,8
V00665 A-18849 DT,30,44,5781,0,0,0,63,77,77,44,0,7,30,16
V00666 A-84121,0,0,0,0,0,0,0,0,0,0,0,0,0,0
V00668 K-10209,8,9,594,11,0,0,0,0,0,8,0,7,7,0
V00669 K-10213,0,0,0,0,0,0,0,0,0,0,0,0,0,0
V00670 K-10214,43,51,587,0,0,0,0,41,34,51,0,14,43,4
V00672 I-54390,38,39,3721,2,0,0,0,15,15,38,0,15,37,0
V00673 A-42309,0,0,0,0,0,0,0,0,0,0,0,14,0,32
V00674 I-47009,9,48,418,0,0,0,0,0,0,49,0,14,37,1
V00675 C-94657,7,7,52,0,0,0,0,0,0,7,0,14,8,0
V00676 A-89312,0,0,0,0,0,0,0,0,0,0,0,0,0,0
V00678 G-76593,22,22,924,3,0,0,10,2,0,22,22,14,22,0
V00679 G-78290,8,8,114,0,0,0,0,3,3,7,0,14,8,0
V00681 G-79306,45,47,2330,2,0,0,32,1,1,47,47,16,45,0
V00682 G-79411,76,75,1630,0,0,0,8,0,0,77,76,14,77,0
V00683 G-77109,56,51,1767,3,0,0,74,3,2,52,53,16,58,0
V00684 G-79408 TT,1,1,5,2,0,0,0,0,0,1,1,4,2,0
V00685 I-78941 WT,3,0,0,1,0,0,0,0,0,0,0,14,3,32
V00686 G-79441,33,36,789,6,0,0,0,41,37,36,0,8,34,4
V00687 G-79433,0,39,627,26,0,0,0,37,36,39,0,9,0,8
V00688 G-79414,3,8,661,5,0,0,0,33,31,7,0,5,3,0
V00694 G-77269 WT,20,20,3369,0,0,0,0,0,0,20,20,14,20,0
V00695 I-80366 TT,0,8,2025,3,0,0,9,7,7,8,8,11,0,8
V00697 B-68236,24,25,714,4,0,0,16,1,1,25,25,14,24,0
V00698 B-40318,60,59,2359,0,0,0,65,6,6,59,58,14,59,0
V00699 A-59706,37,38,2178,1,0,0,96,1,0,38,37,14,38,0
V00701 C-10429 WT,7,9,3877,1,0,0,0,1,1,9,9,13,7,0
V00702 B-76281,15,20,396,5,0,0,0,0,0,20,0,4,14,0
V00703 A-86099,4,45,324,5,0,0,0,15,9,45,0,7,24,5
V00704 B-79835,4,7,171,2,0,0,0,2,0,7,0,8,4,0
V00705 B-48046,0,12,103,0,0,0,0,6,0,12,0,12,0,12
V00706 B-36179,0,0,0,0,0,0,0,0,0,0,0,0,0,0
V00707 B-93744,0,0,0,0,0,0,0,0,0,0,0,0,0,0
V00708 I-79433 TT,24,27,4827,1,0,0,7,44,35,29,28,15,25,4
V00709 A-96197,51,21,2,5,0,0,0,0,0,21,0,6,43,1
V00710 A-36398,0,44,470,24,0,0,0,25,23,0,0,8,0,10
V00711 B-99243,35,33,613,0,0,0,0,30,29,33,0,14,35,0
V00712 G-55273,2,0,0,4,0,0,0,0,0,0,0,5,2,32
V00713 I-81068,0,32,627,6,0,0,0,37,32,32,0,6,0,12
V00715 B-42071,63,73,116,0,0,0,0,1,1,72,0,14,62,0
V00716 I-79601,0,28,19,0,0,0,0,0,0,28,0,14,0,8
V00717 I-80829,0,0,0,0,0,0,0,0,0,0,0,0,0,0
V00718 E-26537 TT,2,3,19,3,0,0,0,0,0,3,3,0,1,0
V00719 G-57485,2,2,1,0,0,0,0,0,0,2,0,13,2,0
V00721 C-90391,1,1,1,1,0,0,0,0,0,1,0,21,1,0
V00722 G-55427,41,38,639,0,0,0,0,1,1,38,0,14,41,0
V00725 C-10430,12,17,183,2,0,0,5,7,6,17,17,11,13,0
V00726 C-96454,17,20,1710,3,0,0,24,5,5,19,19,16,17,0
V00727 F-47210,18,23,1497,5,0,0,19,5,5,23,22,15,20,0
V00728 C-90374,22,25,657,3,0,0,3,1,1,24,24,15,22,0
V00729 B-10705,14,14,1040,6,0,0,15,8,8,13,13,15,14,0
V00730 C-27361,28,28,1682,1,0,0,47,7,6,28,28,14,28,0
V00731 C-97834,4,114,1684,38,0,0,12,1,1,38,28,15,4,2
V00732 F-21025,19,19,976,3,0,0,19,2,2,19,19,17,19,0
V00733 K-69320 DT,1,23,1111,2,2,2,8,15,14,23,0,10,1,16
V00734 K-69319,9,8,38,3,0,0,0,0,0,8,0,4,9,0
V00735 A-58190 TT,24,24,4484,2,0,0,13,36,32,24,24,14,24,4
V00736 D-88265 TT,20,24,5762,2,0,0,14,35,31,22,22,14,20,4
V00737 K-69321,0,0,0,0,0,0,0,0,0,0,0,0,0,0
V00739 K-69326,0,4,1,0,0,0,0,0,0,4,0,13,0,8
V00740 K-69327,0,0,0,0,0,0,0,0,0,0,0,0,0,0
V00741 K-69331,1,28,103,0,0,0,0,2,1,27,0,13,1,0
V00742 K-69352,14,10,97,1,0,0,0,0,0,11,0,14,10,1
V00743 K-69353,21,16,21,0,0,0,0,0,0,16,0,13,20,0
V00744 A-54190 RT,16,16,3176,2,0,0,7,31,31,17,17,15,17,0
V00745 C-39060 RT,6,5,6,6,0,0,0,0,0,5,5,13,6,0
V00747 C-27438 TT,19,19,1388,5,0,0,0,14,10,20,20,14,20,4
V00748 B-15967 TT,0,0,0,6,0,0,0,0,0,0,0,6,0,32
V00749 B 10702 TT,0,0,0,0,0,0,0,0,0,0,0,0,0,0
V00750 K 69029 TT,17,14,762,6,0,0,3,9,6,13,13,13,16,0
V00751 K-69033 TT,20,22,2570,1,0,0,9,21,20,23,23,15,21,0
V00752 K-69032 TT,19,35,4676,0,0,0,36,41,38,35,35,14,18,0
V00753 K-69039 WT,0,25,3435,0,0,0,2,0,0,25,25,14,0,8
V00754 A-46789 TT,17,17,2162,4,0,0,1,4,3,17,17,14,17,0
V00755 K-15670 TT,0,27,2064,1,0,0,1,15,13,26,26,14,0,8
V00756 A 53597,28,40,546,0,0,0,0,24,8,39,0,14,27,4
V00757 B 14085,22,25,1636,3,0,0,19,7,4,25,25,14,22,0
V00758 A-12373,31,33,507,7,0,0,0,3,1,32,0,7,30,0
V00759 B-13851,9,9,288,12,0,0,7,2,2,8,8,13,8,0
V00760 K-15961 WT,33,33,2944,2,0,0,11,43,40,33,33,14,33,0
V00761 K-15973 WT,27,28,3477,1,0,0,4,24,25,29,29,16,29,0
V00762 K-15884 WT,21,23,3855,0,0,0,57,39,36,23,23,14,21,0
V00763 K-16130 WT,47,46,2409,1,0,0,6,34,20,46,45,14,45,4
V00764 A-99545,12,7,35,0,0,0,0,1,1,7,0,13,12,0
V00765 A-13461,115,121,298,0,0,0,0,1,1,120,0,14,116,0
V00767 B 29534 WT,24,33,3620,0,0,0,0,0,0,33,32,14,24,0
V00770 C-95415 TT,0,0,0,0,0,0,0,0,0,0,0,0,0,0
V00771 C-29082 WT,17,17,2786,3,0,0,1,43,40,17,17,11,17,0
V00772 C-29597 WT,11,11,2689,2,0,0,1,51,52,11,10,13,11,0
V00773 C-29477 WT,11,11,2390,7,0,0,0,39,38,10,10,14,10,0
V00774 C-29590 WT,37,37,1646,1,0,0,1,17,13,37,37,14,37,4
V00775 C-29147 WT,0,20,3046,0,0,0,6,54,55,20,20,14,0,8
V00776 C-29751 WT,13,14,3028,1,0,0,5,45,42,14,14,14,13,0
V00782 G-93580,37,70,319,0,0,0,0,4,2,71,0,14,37,0
V00783 L-71167,25,24,237,0,0,0,0,0,0,25,0,13,25,0
V00784 G-91745,0,25,123,0,0,0,0,1,0,24,0,13,0,8
V00786 G-55468,1,1,0,0,0,0,0,0,0,1,0,13,1,32
V00787 A-22698,32,32,1084,3,0,0,56,5,3,32,32,13,32,0
V00788 A-83780,42,42,1043,1,0,0,121,2,2,43,43,14,43,0
V00789 B-63768,25,25,563,7,0,0,55,0,0,25,25,14,25,0
V00790 B-54232,16,16,404,7,0,0,24,0,0,16,16,12,16,0
V00791 A-36811,24,25,1074,3,0,0,35,1,1,26,26,14,25,0
V00792 B-28395,33,33,690,4,0,0,38,1,1,32,32,13,32,0
V00793 A-90833,35,44,873,7,0,0,28,0,0,38,38,14,35,2
V00794 A-43576,7,7,59,8,0,0,1,1,0,7,7,13,7,0
V00795 B-33150,13,13,203,8,0,0,12,0,0,13,13,13,13,0
V00796 B-34101,9,9,206,9,0,0,10,2,1,9,9,15,9,0
V00798 B-31604,41,41,818,3,0,0,194,0,0,42,42,14,42,0
V00799 B-41633,26,26,531,3,0,0,10,1,0,26,26,11,26,0
V00800 B-23370,150,166,1709,14,0,0,70,0,0,151,151,15,150,2
V00801 B-56426,46,45,827,3,0,0,33,0,0,45,45,16,45,0
V00802 B-61783,1,22,577,2,0,0,29,0,0,22,22,12,1,0
V00803 B-23088,193,248,3026,46,0,0,184,1,1,193,193,17,193,2
V00805 B-14511,25,26,417,4,0,0,37,0,0,26,26,14,25,0
V00806 A-98745,0,151,2543,14,0,0,549,8,7,137,137,14,0,10
V00807 A-52686,106,118,2157,12,0,0,39,5,5,111,107,14,107,2
V00808 A-48596,10,11,694,7,0,0,49,1,1,10,10,14,10,0
V00809 A-98368,31,32,622,4,0,0,32,0,0,32,32,13,31,0
V00810 A-42541,15,15,24,7,0,0,0,0,0,15,15,17,15,0
V00811 A-48728,23,23,515,2,0,0,22,0,0,23,23,14,23,0
V00812 B-50926,55,62,1224,10,0,0,33,2,2,55,55,14,55,2
V00813 E-30568,47,48,1288,2,0,0,49,3,1,49,48,14,47,0
V00815 A-47849,43,43,1277,0,0,0,29,0,0,43,43,14,43,0
V00817 A-96509,14,17,282,10,0,0,19,0,0,15,13,13,14,0
V00818 A-94833,11,11,166,3,0,0,11,0,0,12,11,12,11,0
V00819 A-78975,45,45,552,4,0,0,33,2,1,45,45,15,45,0
V00821 B-48914,51,50,743,4,0,0,4,0,0,51,51,14,52,0
V00823 A-97493,40,40,782,1,0,0,72,1,0,40,41,14,40,0
V00824 A-22806,53,57,1086,0,0,0,64,2,0,57,55,14,53,0
V00825 A-21718,43,43,1451,4,0,0,54,11,9,43,43,14,43,0
V00826 A-76547,16,16,356,9,0,0,26,0,0,16,16,14,16,0
V00827 C-27142,30,31,633,0,0,0,36,0,0,30,30,14,30,0
V00829 D-19637,40,40,675,0,0,0,39,1,1,40,40,15,40,0
V00830 C-79356,102,103,1642,1,0,0,9,2,2,103,103,14,102,0
V00831 N-80945,31,31,960,10,0,0,22,2,0,31,31,14,31,0
V00832 D-41820,56,56,1036,6,0,0,42,0,0,56,56,15,56,0
V00833 C-27153,75,74,2069,0,0,0,57,5,5,74,74,15,75,0
V00834 C-90385,0,0,0,0,0,0,0,0,0,0,0,0,0,0
V00835 C-32163,81,82,1512,1,0,0,17,1,0,84,83,16,82,0
V00836 C-90386,58,61,1562,3,0,0,65,6,4,61,59,14,57,0
V00837 C-90359,54,54,1006,0,0,0,33,2,1,54,54,14,56,0
V00838 D-43831,73,72,1820,2,0,0,68,3,3,71,70,14,72,0
V00839 N-80946,45,45,1450,7,0,0,73,1,1,48,45,16,46,0
V00840 N-80947,55,57,713,2,0,0,10,0,0,57,57,14,55,0
V00841 N-80948,50,51,1033,6,0,0,59,3,3,51,51,18,50,0
V00846 B-12470,52,53,914,2,0,0,26,1,0,53,53,14,52,0
V00847 C-27275,21,21,370,3,0,0,51,3,0,21,21,6,21,0
V00848 B-10608,75,75,1688,0,0,0,80,2,2,75,75,14,75,0
V00849 B-10709,42,43,1039,1,0,0,136,1,1,43,43,13,42,0
V00850 B-13122,41,42,1266,1,0,0,224,3,3,42,42,13,41,0
V00851 C-54458,43,43,690,0,0,0,85,1,1,43,43,14,43,0
V00852 B-10609,34,34,684,2,0,0,47,0,0,34,34,14,34,0
V00853 B-10706,11,10,76,7,0,0,0,0,0,10,10,13,11,0
V00854 H-34593,21,21,385,2,0,0,49,0,0,19,19,13,20,0
V00855 H-34594,11,11,242,0,0,0,30,0,0,11,11,13,11,0
V00856 B-13537,83,82,2913,0,0,0,127,4,3,81,81,14,81,0
V00857 B-13203,36,39,1593,2,0,0,15,13,9,39,38,16,36,4
V00858 O-68920,53,54,1301,5,0,0,8,5,1,53,53,14,52,4
V00859 B-13092,142,143,1057,1,0,0,25,0,0,143,142,14,144,0
V00860 B-13065,33,36,106,7,0,0,0,0,0,36,36,11,33,0
V00861 B-12762,80,83,1699,0,0,0,10,7,4,82,82,14,78,0
V00862 B-12749,119,128,1947,0,0,0,21,4,1,127,126,14,118,0
V00864 B-12576,43,44,857,0,0,0,7,4,3,44,44,14,43,0
V00865 B-13552,45,47,1003,4,0,0,39,0,0,47,46,14,45,0
V00866 B-13561,77,80,1698,1,0,0,37,1,0,81,81,14,78,0
V00867 B-13590,71,71,1243,2,0,0,16,2,1,72,71,14,71,0
V00868 B-13609,101,101,2093,0,0,0,42,1,1,102,102,14,102,0
V00869 B-13980,82,81,1115,4,0,0,13,5,1,80,80,13,80,4
V00870 B-13954,76,76,2006,4,0,0,46,7,7,75,75,15,75,0
V00871 B-13532,99,100,1357,2,0,0,32,7,6,99,99,14,98,0
V00872 B-13684,32,32,270,6,0,0,7,2,1,32,33,13,32,0
V00873 B-13527,76,72,2016,0,0,0,43,8,7,72,71,14,76,0
V00874 B-13236,105,105,2822,0,0,0,48,12,11,105,105,14,105,0
V00875 B-13380,58,57,732,1,0,0,13,0,0,56,55,14,57,0
V00876 B-13407,41,41,460,0,0,0,24,1,1,41,41,14,41,0
V00877 B-13435,71,74,1423,0,0,0,66,1,1,74,75,13,71,0
V00878 B-13488,66,67,1052,0,0,0,54,3,2,67,67,14,67,0
V00879 B-13502,42,42,745,7,0,0,56,1,1,43,42,15,42,0
V00880 B-13628,90,89,1919,2,0,0,58,4,2,89,88,14,90,0
V00881 B-13644,62,62,1358,4,0,0,11,0,0,62,62,16,62,0
V00882 B-13734,58,59,1050,0,0,0,24,0,0,58,58,14,58,0
V00884 N-11695,44,46,1216,8,0,0,28,1,0,45,45,15,44,0
V00885 N-11712,65,64,2592,1,0,0,14,20,18,63,64,17,65,0
V00886 N-11701,84,84,2830,1,0,0,56,0,0,84,84,15,85,0
V00887 N-11714,34,35,498,0,0,0,19,0,0,35,35,12,34,0
V00888 N-11682,56,56,1401,1,0,0,31,1,1,56,56,14,56,0
V00889 N-11715,28,28,1699,6,0,0,17,11,9,27,27,13,27,0
V00890 N-11684,98,102,2266,1,0,0,35,0,0,101,102,16,99,0
V00891 N-11687,34,35,478,5,0,0,9,2,1,33,33,13,33,0
V00892 N-11709,58,59,2428,0,0,0,32,23,12,59,57,15,57,4
V00893 N-11689,91,93,1613,5,0,0,32,2,1,94,91,15,92,0
V00894 N-12254,74,76,1531,0,0,0,23,3,1,78,77,14,75,0
V00895 N-11693,60,61,1575,1,0,0,23,0,0,61,59,14,60,0
V00896 N-11705,49,49,1284,2,0,0,27,4,3,49,47,14,49,0
V00897 N-11704,64,65,1476,3,0,0,31,5,3,64,64,16,63,0
V00899 N-11702,102,107,2357,2,0,0,51,4,1,105,105,15,101,0
V00900 N-11697,40,41,718,0,0,0,26,0,0,41,41,16,40,0
V00901 N-11698,69,70,1196,5,0,0,49,0,0,72,70,14,69,0
V00902 N-11706,81,81,1840,0,0,0,46,0,0,80,80,14,81,0
V00903 I-96905,49,48,1218,8,0,0,33,1,1,48,48,13,49,0
V00904 N-11707,44,44,1004,4,0,0,18,4,3,43,43,13,43,0
V00905 N-11708,102,110,2691,1,0,0,32,10,10,109,109,18,102,0
V00906 C-90112,62,64,1035,5,0,0,14,3,3,64,63,14,62,0
V00907 D-61851,36,36,550,8,0,0,20,1,0,36,36,13,36,0
V00908 G-23261,48,48,881,3,0,0,30,2,1,47,47,13,47,0
V00909 G-44208,92,92,1161,1,0,0,46,1,0,92,91,14,91,0
V00910 H-13298,52,53,1419,4,0,0,53,10,9,53,53,15,53,0
V00911 G-23264,61,64,2314,2,0,0,63,22,10,65,65,16,62,4
V00912 I-95452,9,9,19,10,0,0,0,0,0,9,9,14,9,0
V00913 H-84461,49,49,827,5,0,0,30,2,2,48,48,15,48,0
V00914 H-11963,44,42,1054,7,0,0,15,2,1,42,42,14,44,0
V00915 I-95108,49,49,896,3,0,0,30,1,1,51,49,13,49,0
V00916 H-18484,70,72,1967,0,0,0,33,8,5,73,72,14,70,0
V00917 I-95519,90,91,2079,2,0,0,122,0,0,91,91,16,91,0
V00918 I-95462,79,81,3084,0,0,0,33,41,23,80,80,14,78,4
V00919 I-95282,45,44,847,5,0,0,59,1,1,44,44,16,45,0
V00920 I-96625,74,74,1109,0,0,0,18,0,0,74,75,14,74,0
V00921 N-11713,23,24,201,3,0,0,1,1,0,24,24,14,23,0
V00923 I-95549,85,89,1793,1,0,0,108,4,4,89,88,14,85,0
V00924 N-11680,70,70,2320,0,0,0,30,10,7,68,68,14,69,0
V00925 I-97005,76,108,2389,0,0,0,73,12,11,108,107,17,76,0
V00926 I-95787,76,77,2432,0,0,0,85,1,1,77,77,14,77,0
V00927 I-96926,40,55,1304,2,0,0,29,2,2,54,55,13,39,0
V00928 I-95134,87,89,2067,0,0,0,35,12,5,88,89,15,86,4
V00929 I-95630,50,52,931,0,0,0,36,0,0,52,52,14,50,0
V00930 I-95650,47,48,1278,4,0,0,29,4,3,48,48,14,47,0
V00931 N-11718,46,47,1101,0,0,0,68,1,0,47,47,14,46,0
V00932 E-46696,33,34,812,2,0,0,18,1,1,33,33,13,33,0
V00933 F-48774,24,23,436,5,0,0,12,0,0,23,23,13,24,0
V00934 G-62636,60,61,1969,0,0,0,57,9,6,60,60,14,59,0
V00935 J-78124,21,21,1484,4,0,0,22,1,1,21,21,14,21,0
V00937 D-34205,31,32,547,5,0,0,10,1,0,32,32,13,31,0
V00938 D-96032,37,36,538,2,0,0,30,1,0,35,35,14,37,0
V00939 B-67314,26,26,818,4,0,0,35,1,0,26,26,14,26,0
V00940 C-54316,18,18,155,8,0,0,19,1,1,18,18,13,18,0
V00941 B-55892,62,62,1561,0,0,0,29,1,0,62,62,14,63,0
V00943 B-12076,52,57,902,0,0,0,49,0,0,57,57,14,52,0
V00944 C-52373,92,92,2289,1,0,0,59,8,3,92,92,14,92,4
V00945 C-53575,40,40,943,2,0,0,16,3,2,41,40,14,40,0
V00946 C-52632,35,35,636,5,0,0,10,2,2,35,34,13,34,0
V00947 C-54028,15,18,332,9,0,0,26,0,0,18,18,14,14,0
V00948 C-53673,11,11,52,9,0,0,0,1,0,11,11,17,11,0
V00949 C-52336,24,24,87,8,0,0,12,0,0,22,22,15,23,0
V00950 C-54784,6,5,89,11,0,0,0,2,2,5,5,12,6,0
V00951 C-54798,22,22,376,3,0,0,25,2,1,22,22,8,22,0
V00952 C-52454,16,16,600,7,0,0,13,2,2,16,16,14,16,0
V00953 C-53762,45,49,782,7,0,0,18,3,3,45,45,15,45,2
V00954 A-73896,21,21,375,3,0,0,26,3,2,21,21,14,21,0
V00955 C-52530,43,47,1596,3,0,0,110,2,2,46,46,13,43,0
V00956 I-17946,47,47,940,0,0,0,108,0,0,47,47,14,47,0
V00957 D-14210,33,35,734,4,0,0,24,4,2,33,33,15,32,0
V00958 I-54428,33,36,543,2,0,0,74,1,1,32,31,14,32,2
V00959 I-49401,28,28,498,5,0,0,17,1,0,28,28,13,28,0
V00960 I-79618,38,38,432,3,0,0,28,1,1,38,38,13,38,0
V00961 J-24090,26,27,379,11,0,0,16,0,0,27,27,18,26,0
V00962 I-47881,47,47,814,0,0,0,60,0,0,47,47,14,47,0
V00963 K-10206,8,11,297,12,0,0,30,0,0,8,8,14,7,0
V00965 I-49307,22,25,488,5,0,0,31,0,0,22,22,13,21,0
V00966 D-97995,0,0,0,0,0,0,0,0,0,0,0,0,0,0
V00967 I-49234,67,67,1571,0,0,0,129,4,2,67,67,14,67,0
V00968 K-69322,19,20,462,8,0,0,36,0,0,20,20,16,19,0
V00969 D-95880,26,26,599,5,0,0,20,1,0,26,26,13,26,0
V00970 D-16374,17,17,524,9,0,0,14,0,0,17,17,14,17,0
V00971 E-75267,50,50,997,0,0,0,59,0,0,50,50,14,50,0
V00972 D-14632,56,60,1748,0,0,0,25,8,4,60,60,14,56,4
V00973 K-69324,42,41,906,3,0,0,58,0,0,41,41,14,41,0
V00974 C-41770,58,58,1113,2,0,0,59,0,0,58,57,14,58,0
V00975 E-78438,56,57,1121,5,0,0,92,2,2,57,57,15,55,0
V00976 C-24106,71,71,915,0,0,0,36,0,0,71,71,14,71,0
V00977 C-27016,33,35,1258,1,0,0,25,2,2,36,36,14,34,0
V00978 D-14966,70,72,1488,5,0,0,11,5,4,71,71,13,70,0
V00979 E-78354,34,34,736,1,0,0,41,0,0,34,34,14,34,0
V00980 C-39761,47,47,1919,1,0,0,44,5,3,48,48,16,48,0
V00981 C-90478,62,64,2952,0,0,0,8,12,10,64,63,14,62,0
V00982 D-23672,42,44,832,5,0,0,22,3,3,44,44,14,42,0
V00983 D-46653,16,17,205,0,0,0,1,1,0,16,18,13,15,0
V00984 D-47188,48,46,656,3,0,0,39,1,0,45,46,12,47,0
V00985 D-61842,25,25,492,0,0,0,19,0,0,25,25,14,25,0
V00986 A-53290,18,12,73,9,0,0,0,1,1,12,12,15,17,0
V00987 L-40877,51,52,1448,2,0,0,28,2,2,52,52,14,51,0
V00988 L-39941,48,48,1024,7,0,0,38,5,5,48,48,14,47,0
V00989 C-41693,23,23,274,6,0,0,2,6,3,23,23,12,23,0
V00990 C-41785,0,0,0,0,0,0,0,0,0,0,0,0,0,0
V00991 I-87057,47,45,741,1,0,0,22,0,0,47,45,14,47,0
V00992 B-71286,59,62,2018,0,0,0,64,4,4,63,63,14,60,0
V00993 L-40027,58,58,567,0,0,0,20,0,0,58,58,14,58,0
V00994 L-40980,29,29,1422,3,0,0,36,0,0,30,29,13,29,0
V00995 I-87939,61,59,1420,4,0,0,31,0,0,60,60,15,61,0
V00996 L-40989,153,157,3229,2,0,0,112,2,2,159,159,16,154,0
V00997 N-98285,34,34,468,7,0,0,11,4,2,34,34,14,33,0
V00998 C-40245,55,56,795,8,0,0,29,2,0,55,55,14,54,0
V00999 B-72114,41,41,1203,2,0,0,32,0,0,41,42,13,41,0
V01000 F-67649,31,30,466,3,0,0,11,2,1,29,29,13,30,0
V01001 F-81324,61,62,1764,0,0,0,21,0,0,61,61,14,61,0
V01002 G-59923,91,99,1660,1,0,0,60,0,0,99,99,15,91,0
V01004 N-98283,44,45,1131,7,0,0,16,10,9,44,44,16,43,0
V01005 N-98284,117,118,2950,1,0,0,22,33,26,117,117,14,117,4
V01007 H-34591,44,45,547,7,0,0,9,0,0,45,45,14,43,0
V01008 H-34592,61,61,1662,4,0,0,33,7,5,61,61,13,62,0
V01009 B-18456,22,21,425,2,0,0,3,1,0,22,21,13,22,0
V01010 H-84458,130,31,897,1,0,0,12,1,0,32,32,14,131,0
V01011 C-11089,67,69,2356,2,0,0,40,5,4,67,68,14,68,0
V01013 F-37203,49,52,807,0,0,0,60,1,0,52,52,14,49,0
V01014 I-69311,120,123,2010,0,0,0,185,6,5,123,121,14,122,0
V01015 F-50587,47,47,993,0,0,0,29,1,1,47,47,14,47,0
V01016 F-60567,29,30,315,0,0,0,15,0,0,30,30,13,29,0
V01017 D-98712,54,54,804,0,0,0,32,0,0,53,53,18,53,0
V01018 F-62796,20,20,423,0,0,0,31,2,1,20,20,13,20,0
V01019 H-60880,47,49,891,3,0,0,30,0,0,49,49,13,48,0
V01020 H-94989,17,18,384,2,0,0,66,1,1,16,16,14,17,0
V01021 J-47346,2,2,32,11,0,0,0,0,0,2,2,13,2,0
V01022 D-61855,51,51,1724,5,0,0,265,2,1,52,51,14,52,0
V01023 D-80324,75,75,1198,1,0,0,28,0,0,75,75,13,75,0
V01024 D-80325,40,40,1018,4,0,0,31,3,3,40,40,15,40,0
V01025 E-16318,58,59,1159,0,0,0,24,1,1,60,60,14,59,0
V01026 E-33875,50,51,806,2,0,0,41,0,0,50,50,14,50,0
V01027 E-45035,79,78,1263,2,0,0,109,11,7,79,79,14,79,4
V01028 I-87056,148,149,3217,4,0,0,105,1,1,150,149,14,149,0
V01029 F-14493,56,57,668,5,0,0,22,1,1,56,56,15,56,0
V01030 D-61853,23,22,86,8,0,0,6,1,1,22,22,14,23,0
V01031 I-79620,7,8,252,12,0,0,18,2,0,8,8,21,7,0
V01033 B-94112,33,72,1150,5,0,0,2,0,0,71,71,14,33,0
V01034 I-79623,9,8,131,12,0,0,3,0,0,8,8,18,9,0
V01035 I-57550,8,16,202,7,0,0,27,1,0,15,15,15,8,0
V01036 E-72549,0,0,0,14,0,0,0,0,0,0,0,14,0,32
V01037 E-71529,40,40,640,4,0,0,33,2,2,39,39,13,39,0
V01038 I-58217,3,1,0,9,0,0,0,0,0,1,1,13,3,32
V01039 E-71951,77,76,1215,1,0,0,37,0,0,76,75,14,76,0
V01043 N-88052,42,42,1312,3,0,0,30,3,2,41,41,13,42,0
V01044 N-86726,74,75,2745,1,0,0,50,2,1,75,74,15,74,0
V01045 K-11035,24,24,385,3,0,0,12,1,0,24,24,12,24,0
V01048 G-93008,20,0,0,3,0,0,0,0,0,0,0,7,15,33
V01051 N-68983,11,22,335,0,0,0,0,12,11,22,0,15,12,0
V01052 I-49480,37,37,755,3,0,0,44,1,1,36,36,13,36,0
V01053 I-47961,10,12,18,4,0,0,2,0,0,12,12,8,10,0
V01054 I-49569,22,23,506,2,0,0,31,0,0,22,22,13,22,0
V01055 D-69345,32,33,986,3,0,0,13,3,3,33,33,17,32,0
V01057 B-46574 DT,14,18,2152,0,0,0,13,22,22,19,0,7,15,16
V01059 G-96844,34,35,1914,2,0,0,55,8,6,34,34,13,33,0
V01060 G-96841,42,44,480,5,0,0,1,1,0,43,43,13,42,0
V01061 G-96055,67,67,1398,0,0,0,66,0,0,69,67,14,67,0
V01062 M-39269 PU,23,23,3078,2,0,0,2,28,17,24,24,15,24,4
V01063 D-61852,18,18,1567,1,0,0,26,8,8,18,18,15,18,0
V01064 M-43536,0,35,632,4,0,0,27,0,0,34,34,15,0,8
V01065 M-43516,2,1,4,11,0,0,0,0,0,0,0,11,1,0
V01068 N-92816,90,90,1878,4,0,0,8,3,3,89,89,16,89,0
V01069 M-63682,37,37,1974,3,0,0,14,3,3,36,36,15,36,0
V01072 E-19281 WT,18,19,2606,2,0,0,1,26,25,19,19,14,18,0
V01073 E-18953 WT,13,16,2916,3,0,0,1,0,0,14,14,14,12,0
V01074 E-16981,15,15,248,0,0,0,0,0,0,16,0,14,15,0
V01075 E-19006,13,13,167,0,0,0,0,0,0,14,0,14,13,0
V01078 L-51853,52,51,1338,1,0,0,38,1,0,52,51,14,51,0
V01079 L-51897,45,45,965,4,0,0,74,0,0,46,45,13,46,0
V01080 L-51984,33,33,276,7,0,0,5,2,0,33,34,14,33,0
V01083 L-57262,62,64,1322,2,0,0,70,1,0,62,61,14,61,0
V01084 M-94312,0,39,324,0,0,0,0,9,9,39,0,13,0,8
V01085 M-78423,70,67,1421,4,0,0,8,1,1,68,67,15,69,0
V01086 M-94348 WT,19,18,3158,2,0,0,0,1,1,18,18,14,19,0
V01087 M-94344 WT,23,23,3309,0,0,0,2,0,0,23,22,14,23,0
V01088 M-94342 WT,1,1,3,0,0,0,0,0,0,1,1,13,1,0
V01089 M-78422,90,94,2629,0,0,0,46,17,14,94,95,14,90,0
V01091 L-75146,30,30,706,2,0,0,84,1,1,30,30,13,30,0
V01092 L-75196,1,1,0,13,0,0,0,0,0,1,1,13,1,32
V01093 H-88143,54,101,1159,33,0,0,48,2,0,53,53,13,54,2
V01094 M-94381,51,52,913,6,0,0,18,0,0,53,52,14,51,0
V01095 M-94385,85,85,3588,0,0,0,112,16,15,85,84,14,85,0
V01096 M-94382,41,41,489,4,0,0,4,0,0,40,40,14,41,0
V01097 M-94384,73,75,1753,2,0,0,50,1,1,74,73,14,73,0
V01098 M-94340,20,20,412,6,0,0,35,0,0,19,19,14,19,0
V01099 M-94339,16,17,368,5,0,0,34,0,0,17,17,13,16,0
